{
  "miou_overall": 0.8841486812638819,
  "miou_drivable": 0.8911361248349523,
  "miou_non_drivable": 0.8771612376928116,
  "fps": 145.76139703890883,
  "mean_latency_ms": 6.860527000389993,
  "parameters": 1863537,
  "confusion_matrix": [
    [
      4012896,
      217734
    ],
    [
      344237,
      4600173
    ]
  ],
  "per_scene_miou": {
    "scene-0103": 0.8405335243338131,
    "scene-0655": 0.8390989663935221,
    "scene-0553": 0.9833684719876788,
    "scene-0757": 0.9320347439114096,
    "scene-0061": 0.8772379703599622,
    "scene-0796": 0.9003601862000823,
    "scene-0916": 0.8254665790810297,
    "scene-1077": 0.8974087436073478,
    "scene-1094": 0.8624781264602328,
    "scene-1100": 0.8887468457510701
  },
  "best_3_scenes": [
    [
      "scene-0553",
      0.9833684719876788
    ],
    [
      "scene-0757",
      0.9320347439114096
    ],
    [
      "scene-0796",
      0.9003601862000823
    ]
  ],
  "worst_3_scenes": [
    [
      "scene-0103",
      0.8405335243338131
    ],
    [
      "scene-0655",
      0.8390989663935221
    ],
    [
      "scene-0916",
      0.8254665790810297
    ]
  ],
  "tta_enabled": true,
  "boundary_refinement": true
}