{
  "train_loss": [
    0.5505414336919785,
    0.3468537926673889,
    0.32252771258354185,
    0.3069914922118187,
    0.28498426377773284,
    0.2779027819633484,
    0.2773433834314346,
    0.27036152333021163,
    0.25709893703460696,
    0.26449758782982824,
    0.25673899576067927,
    0.2546974368393421,
    0.2442736230790615,
    0.25110851004719736,
    0.2388986550271511,
    0.23742784410715104,
    0.23761223256587982,
    0.236287222802639,
    0.2396548017859459,
    0.22044798508286476,
    0.2338094986975193,
    0.2296242855489254,
    0.22964611873030663,
    0.22803462967276572,
    0.22166821882128715,
    0.22149320021271707,
    0.22548289149999617,
    0.2203550770878792,
    0.21963756978511811,
    0.22131337001919746,
    0.21588948145508766,
    0.21945043429732322,
    0.21673878207802771,
    0.2164955146610737,
    0.2110673889517784,
    0.21166982054710387,
    0.21407767683267592,
    0.21580033972859383,
    0.21420972868800164,
    0.2085585303604603,
    0.2088066168129444,
    0.2109764665365219,
    0.20749019533395768,
    0.21248378306627275,
    0.21192929074168204,
    0.21150498241186141,
    0.21024021059274672,
    0.21244564428925514,
    0.20858924090862274,
    0.2056599237024784
  ],
  "val_loss": [
    0.6076027750968933,
    0.6799450993537903,
    0.5414028644561768,
    0.4976741373538971,
    0.4861408233642578,
    0.4786495089530945,
    0.4665294051170349,
    0.5116513788700103,
    0.4800273716449738,
    0.47859336733818053,
    0.4789509117603302,
    0.4360847473144531,
    0.44254414439201356,
    0.44999535083770753,
    0.41337781548500063,
    0.4417751431465149,
    0.4471064329147339,
    0.45880805850028994,
    0.39920862913131716,
    0.39834725856781006,
    0.4171970546245575,
    0.40334402322769164,
    0.3961084485054016,
    0.40262489914894106,
    0.4049924612045288,
    0.40682327151298525,
    0.4360243737697601,
    0.4003387689590454,
    0.4181397080421448,
    0.3908136963844299,
    0.39417515993118285,
    0.3877698004245758,
    0.3859772503376007,
    0.3989066183567047,
    0.3850782036781311,
    0.388982367515564,
    0.3899975657463074,
    0.3819329380989075,
    0.38855406641960144,
    0.387777978181839,
    0.38602436184883115,
    0.39102706909179685,
    0.3847716927528381,
    0.3912298381328583,
    0.3851253867149353,
    0.38552228808403016,
    0.3930179238319397,
    0.38832523226737975,
    0.38912915587425234,
    0.3896810293197632
  ],
  "train_miou": [
    0.6368277442417555,
    0.7409775359779966,
    0.7720529662371977,
    0.7840504244098881,
    0.7986465913492623,
    0.8045359940425347,
    0.806670076006126,
    0.8130963351189173,
    0.8256821785763975,
    0.8145891571005286,
    0.8222041369452503,
    0.8251083337845572,
    0.8301848839003038,
    0.8240776059896497,
    0.8394303003175633,
    0.840238907657523,
    0.842646233382208,
    0.8388621841384877,
    0.8328804945410493,
    0.8551885179614572,
    0.8442179007253285,
    0.8474262774786675,
    0.848063663713102,
    0.8505330748960638,
    0.8576326573746617,
    0.8550065057334642,
    0.84989991876269,
    0.8558299955707434,
    0.859188245184869,
    0.8504378750411824,
    0.8685940546594614,
    0.8555134637082213,
    0.8618183454806863,
    0.8651418143897365,
    0.8686763768292994,
    0.8714936694174433,
    0.8630184154537665,
    0.8655222182764822,
    0.8704701601122802,
    0.8758554330321935,
    0.874023955240598,
    0.8678538512527358,
    0.8743280385645926,
    0.8687915373385457,
    0.8623522216811063,
    0.8681140942963902,
    0.8680627642034497,
    0.866505700467278,
    0.8738729740013556,
    0.8770696548531965
  ],
  "val_miou": [
    0.6758427224858135,
    0.6538363622930661,
    0.7642945557724137,
    0.8269981777388529,
    0.8487033390672464,
    0.8332377654320038,
    0.812661974017705,
    0.8129498851485062,
    0.8387234497975596,
    0.8351212811248342,
    0.8328373173986184,
    0.8631353687326964,
    0.854120042680479,
    0.8546087932502002,
    0.8667678984414025,
    0.850617798659979,
    0.8536299806956015,
    0.8473513112734208,
    0.8770949322112178,
    0.8734851841882861,
    0.8668064489379115,
    0.8574818460576997,
    0.8706075724420052,
    0.8717087649213902,
    0.8671034386763573,
    0.8689590030437462,
    0.8569923175976133,
    0.8728421476430743,
    0.8626240134657971,
    0.8690880737248523,
    0.8749855761125825,
    0.8772080966943381,
    0.8790330611999984,
    0.8739476064047885,
    0.8766620392248747,
    0.8766502926098511,
    0.8760453983149272,
    0.8783876522692324,
    0.8765357999287454,
    0.8777410783678935,
    0.8785085571303529,
    0.8752417587516467,
    0.8776028558414254,
    0.8758437690211085,
    0.8770513043141435,
    0.8773746161485733,
    0.8750593812610123,
    0.8762572966728843,
    0.8752342925378109,
    0.8753721481631555
  ],
  "lr": [
    0.001,
    0.0009990143508499217,
    0.0009960612933065818,
    0.00099115248173898,
    0.0009843072889837512,
    0.0009755527298894294,
    0.0009649233547011816,
    0.0009524611127067769,
    0.0009382151866819099,
    0.0009222417987882566,
    0.0009046039886902864,
    0.0008853713647665069,
    0.0008646198293969952,
    0.0008424312794113801,
    0.0008188932828794706,
    0.0007940987335200906,
    0.0007681454840920089,
    0.0007411359602138069,
    0.0007131767561367538,
    0.0006843782140659967,
    0.0006548539886902863,
    0.0006247205986388449,
    0.0005940969666355696,
    0.0005631039501653701,
    0.0005318638645048921,
    0.0005005,
    0.00046913613549510796,
    0.00043789604983463003,
    0.00040690303336443054,
    0.000376279401361155,
    0.00034614601130971394,
    0.00031662178593400354,
    0.00028782324386324626,
    0.00025986403978619317,
    0.00023285451590799105,
    0.0002069012664799097,
    0.00018210671712052946,
    0.00015856872058861996,
    0.00013638017060300502,
    0.0001156286352334933,
    9.639601130971378e-05,
    7.875820121174356e-05,
    6.278481331809012e-05,
    4.853888729322332e-05,
    3.607664529881844e-05,
    2.5447270110570804e-05,
    1.6692711016248827e-05,
    9.84751826101998e-06,
    4.938706693418354e-06,
    1.9856491500783555e-06
  ]
}