{
  "miou_overall": 0.8036732084253804,
  "miou_drivable": 0.8227698111772805,
  "miou_non_drivable": 0.7845766056734803,
  "fps": 32.72983820993406,
  "mean_latency_ms": 30.55316050100373,
  "parameters": 1866793,
  "confusion_matrix": [
    [
      3599122,
      631508
    ],
    [
      356713,
      4587697
    ]
  ],
  "per_scene_miou": {
    "scene-0103": 0.7813604579662015,
    "scene-0655": 0.7743161261140714,
    "scene-0553": 0.9316209089015093,
    "scene-0757": 0.8465003987201898,
    "scene-0061": 0.79185843321413,
    "scene-0796": 0.7806842121496222,
    "scene-0916": 0.7828097026632855,
    "scene-1077": 0.7023498838620409,
    "scene-1094": 0.8083830632177478,
    "scene-1100": 0.7978125905930303
  },
  "best_3_scenes": [
    [
      "scene-0553",
      0.9316209089015093
    ],
    [
      "scene-0757",
      0.8465003987201898
    ],
    [
      "scene-1094",
      0.8083830632177478
    ]
  ],
  "worst_3_scenes": [
    [
      "scene-0796",
      0.7806842121496222
    ],
    [
      "scene-0655",
      0.7743161261140714
    ],
    [
      "scene-1077",
      0.7023498838620409
    ]
  ],
  "tta_enabled": true,
  "boundary_refinement": true
}